epoch,iou_score,loss,val_iou_score,val_loss
0,0.0055361176,0.9890048384666443,0.001581323565915227,0.9966477155685425
1,0.0015640302,0.9968828082084655,0.001025145873427391,0.9991022348403931
2,0.0014271054,0.9971545100212097,0.0006062444299459457,0.9991925954818726
3,0.0054393164,0.989204752445221,0.001782573526725173,0.9993056058883667
4,0.001062751,0.997878086566925,0.0004649256879929453,0.9998258352279663
