epoch,iou_score,loss,val_iou_score,val_loss
0,0.0010131547,0.9979777932167053,0.000999689451418817,1.0
1,0.0034184377,0.9932095408439636,0.0024046513717621565,1.0
