epoch,iou_score,loss,val_iou_score,val_loss
0,0.0010759257,0.9978527426719666,0.0009376834495924413,1.0
1,0.002749646,0.9945307672023773,0.0022615259513258934,1.0
